{"BUSD": {"amt": 792.99304479, "value": 792.99304479}, "BNB": {"amt": 1.27772105, "value": 792.77480268}}