{"BUSD": {"amt": 709.316909, "value": 709.316909}, "BNB": {"amt": 1.09710371, "value": 41.78019471}}