{"USDT": {"amt": 12.518912, "value": 12.518912}, "XRP": {"amt": 8.962344, "value": 12.52218704}}