{"BUSD": {"amt": 711.766535, "value": 711.766535}, "BNB": {"amt": 1.10440438, "value": 711.766535}}