{"BUSD": {"amt": 812.66162679, "value": 812.66162679}, "BNB": {"amt": 1.24602105 , "value": 812.66162679}}