{"BUSD": {"value": 798.92925579, "amt": 798.92925579}, "BNB": {"value": 752.16131779, "amt": 1.17912105}}