{"BUSD": {"amt": 798.92925579, "value": 798.92925579}, "BNB": {"amt": 1.17912105, "value": 752.16131779}}