{"BUSD": {"amt": 789.312835, "value": 789.312835}, "BNB": {"amt": 1.17912105, "value": 751.98444964}}