{"BUSD": {"amt": 801.37925879, "value": 801.37925879}, "BNB": {"amt": 1.26333272, "value": 801.37925879}}